날짜,지역,판매량,평균기온(°C),일강수량(mm),평균 풍속(m/s),평균 상대습도(%),합계 일사량(MJ/m2),평균 지면온도(°C)
20160101,서울특별시,15929,1.2,,1.6,73,4.61,0.2
20160102,서울특별시,13086,5.7,,2,76.9,4.5,2.8
20160103,서울특별시,14667,6.5,,1.8,80.6,4.85,4.8
20160104,서울특별시,8596,2,,3.1,54.4,9.03,3
20160105,서울특별시,8602,-2.7,,2.3,39.4,8.22,0.1
20160106,서울특별시,8749,-1.7,,1.8,54.3,4.69,-0.5
20160107,서울특별시,9164,-3.4,,2.5,51.8,9.76,-1
20160108,서울특별시,11274,-3.3,,2,49.8,9.83,-1.5
20160109,서울특별시,14147,-2.1,,2.1,57.1,9.28,-1
20160110,서울특별시,14172,0.3,,2.6,42.3,9.35,0.2
20160111,서울특별시,8742,-3.8,,2.8,38.3,9.89,-1.6
20160112,서울특별시,8798,-5.2,,2.5,46,10.02,-2.5
20160113,서울특별시,9271,-4.5,0.4,2,63,6.69,-1.8
20160114,서울특별시,9548,-3.4,0,1.7,52.1,8.8,-1.1
20160115,서울특별시,12463,-0.4,,1.8,52.3,7.85,-0.2
20160116,서울특별시,14948,-0.2,0.1,2.9,68,4.86,0.1
20160117,서울특별시,15265,1.7,,2.4,64,4.23,0.4
20160118,서울특별시,7415,-6.3,0.2,4.8,59.8,8.31,-1.3
20160119,서울특별시,7129,-12.8,,5.4,45.9,10.82,-5.8
20160120,서울특별시,8650,-10.5,,1.8,43.6,9.08,-5.1
20160121,서울특별시,8588,-7.1,,1.8,44.3,8.41,-3.4
20160122,서울특별시,9890,-7.6,,2.6,40.5,7.62,-4.1
20160123,서울특별시,11613,-11.5,0,4,42,9.18,-5.3
20160124,서울특별시,12130,-14.4,,3.2,48.5,10.54,-7.9
20160125,서울특별시,8668,-9.4,,1.9,47.1,11.22,-5.9
20160126,서울특별시,9276,-3.3,0.3,2.3,64.5,6.5,-2.2
20160127,서울특별시,9718,-1.1,,2,56.3,9.55,-1.5
20160128,서울특별시,9725,-0.5,,1.6,51.5,5.88,-1.1
20160129,서울특별시,13259,1.9,,2.3,43.6,4.19,0.3
20160130,서울특별시,13731,0.6,,2,59.5,8.01,-0.3
20160131,서울특별시,12455,-3.9,,3.2,34,10.75,-1.1
20160201,서울특별시,7609,-6,,3,36,12.01,-2.7
20160202,서울특별시,8332,-5.3,,2.2,41.8,12.05,-3
20160203,서울특별시,9666,-2.4,,1.9,49.6,10.46,-1.8
20160204,서울특별시,8895,-0.7,,2.4,50.1,9.82,-0.5
20160205,서울특별시,10884,-2.2,,2.5,39.4,10.71,-0.9
20160206,서울특별시,11452,-3.1,,2.9,38.6,12.22,-1.3
20160207,서울특별시,13082,-2.9,,2,46.5,12.44,-1.6
20160208,서울특별시,18761,1.3,,3.1,62.1,5.55,0.7
20160209,서울특별시,13297,0.3,,3,52.5,11.45,0.6
20160210,서울특별시,12630,2.7,,1.6,38.5,12.74,0.8
20160211,서울특별시,9505,8.1,0.1,3.5,29.3,7.87,2.7
20160212,서울특별시,10973,8.4,18,3.2,95.3,1.1,4.5
20160213,서울특별시,13480,11,21,3.3,95,3.78,8.7
20160214,서울특별시,11187,-2.6,2.5,4.6,73.1,2.98,1.9
20160215,서울특별시,6903,-5.8,0,4,48.4,14.52,-0.6
20160216,서울특별시,7959,-2.7,0.8,2.7,65.6,5.58,-0.3
20160217,서울특별시,9867,0,,2.3,53.9,14.42,0.3
20160218,서울특별시,11953,3.5,,3.2,66.4,8.26,1.9
20160219,서울특별시,11493,2.3,,1.7,56.4,5.1,1.1
20160220,서울특별시,12896,1.3,,2.9,37.1,13.13,2.6
20160221,서울특별시,12993,-0.6,,2.9,36.4,13.63,1.6
20160222,서울특별시,9105,1.1,0,1.9,36.6,5.76,1.5
20160223,서울특별시,9046,0.7,0.9,3.2,56,14.55,3.5
20160224,서울특별시,8886,-3,,2.9,42,15.48,1.6
20160225,서울특별시,9439,-0.2,,2.7,49.9,11.24,1.2
20160226,서울특별시,12697,2.2,0,2.2,41.3,15.23,3.4
20160227,서울특별시,14395,3.3,0.2,2,57.6,11.21,4.5
20160228,서울특별시,14489,0.7,4.1,2.1,65.5,4.76,1.4
20160229,서울특별시,11333,-3.8,0,4,48.6,10.38,0.4
20160301,서울특별시,11865,-2.7,,2.5,47.3,14.8,0.8
20160302,서울특별시,9732,3.1,,2.9,67.9,8.08,3.4
20160303,서울특별시,12297,8.1,,1.9,65.1,10.26,7.2
20160304,서울특별시,18394,13.2,0.1,2.7,55.3,14.61,11.1
20160305,서울특별시,16497,11.3,40,2.6,91.3,1.16,10.5
20160306,서울특별시,16738,7.9,0.2,2.8,51,15.21,10.1
20160307,서울특별시,11095,8.1,0,2,36.9,4.36,6.8
20160308,서울특별시,10184,2.7,,3.1,40.4,8.54,5.1
20160309,서울특별시,10103,0.3,,3.5,37.5,17.09,4.2
20160310,서울특별시,9943,-1.1,,3.2,37.8,18.12,3.6
20160311,서울특별시,11898,-0.5,,2.6,43.8,18.25,3.5
20160312,서울특별시,15364,2,,2.5,55.6,9.56,3.2
20160313,서울특별시,15963,3.7,0.1,1.6,68.1,6.18,4.4
20160314,서울특별시,9387,4.7,,2.6,57,14.56,6.4
20160315,서울특별시,11481,5.2,,2.2,43.4,16.25,6.6
20160316,서울특별시,12826,7.5,,2,45.1,16.66,9.7
20160317,서울특별시,13193,9.3,,1.4,40.9,11.77,7.3
20160318,서울특별시,19479,13.4,,2.4,50,13.54,13.7
20160319,서울특별시,20574,11.4,,2.5,58.3,16.37,13.2
20160320,서울특별시,18848,10.6,,2.2,54,17.03,13.5
20160321,서울특별시,12967,9.9,,2.2,54.1,16.83,12.4
20160322,서울특별시,12670,8,,2.5,58.1,15.38,11.2
20160323,서울특별시,12908,8.2,,2.9,49.6,16.73,11.4
20160324,서울특별시,14052,7.2,,2.4,36.5,18.91,11.9
20160325,서울특별시,15694,7.1,,2.2,43.9,16.07,10.9
20160326,서울특별시,19413,6.5,,2.2,54.5,15.3,10.5
20160327,서울특별시,19620,7.2,,2.6,55.6,17.19,11.8
20160328,서울특별시,15794,9.8,,2,47.8,17.82,13.5
20160329,서울특별시,14644,11.3,0.1,3.2,57.8,12.55,12.6
20160330,서울특별시,18506,11.5,,2.2,49.9,18.01,15.9
20160331,서울특별시,20679,13.5,,2.1,27,15.57,15.2
20160401,서울특별시,25088,15.3,,2,26,18.16,16.7
20160402,서울특별시,28415,15,,2.3,40.8,16.99,18.5
20160403,서울특별시,19479,10.7,2,1.7,75.1,3.23,11.1
20160404,서울특별시,18711,12.3,,2.2,42.6,20.8,16.8
20160405,서울특별시,17778,11.4,,2.5,45.1,20.04,16.7
20160406,서울특별시,21149,14.4,3,1.9,44.3,15.13,15.7
20160407,서울특별시,20548,14.1,7.5,3,69.5,16.95,15.8
20160408,서울특별시,20782,11.1,,2.5,76.1,18.15,15.4
20160409,서울특별시,21629,10.7,,1.8,83.9,4.52,12.7
20160410,서울특별시,26242,13.4,,2.1,71.3,14.02,15.9
20160411,서울특별시,18782,12.5,,2.4,43.8,21.04,16.7
20160412,서울특별시,22642,14.1,,2.3,42.6,15.36,16.3
20160413,서울특별시,29887,15.6,1,1.7,67.5,13.86,17.1
20160414,서울특별시,16989,12.4,,2.6,75.9,14.06,16.4
20160415,서울특별시,26040,15,,2.6,46.4,20.94,19
20160416,서울특별시,22145,14.9,23.5,2.9,58.9,7.23,15.4
20160417,서울특별시,19169,10.8,20.5,4.7,66.8,13.8,14.2
20160418,서울특별시,14814,11.2,1.5,3.1,65.4,18.4,14.9
20160419,서울특별시,18483,12,,2.2,55.1,22.1,16.8
20160420,서울특별시,16961,14.3,0.5,2.1,54,13.4,16.3
20160421,서울특별시,16878,13.5,17,2.8,87.6,6.09,14.7
20160422,서울특별시,19164,13.5,0,2.6,83.4,7.77,15.5
20160423,서울특별시,25651,13.5,,2.1,52.1,16.76,18
20160424,서울특별시,31731,15.5,,1.9,39.6,22.59,21
20160425,서울특별시,24930,17.2,,1.7,34.8,21.21,21.3
20160426,서울특별시,35263,21.1,,2,34.8,19.74,21.8
20160427,서울특별시,20323,17.2,,3.6,32,8.39,17.8
20160428,서울특별시,26103,17.2,,2,34.4,18.95,22.3
20160429,서울특별시,26294,16.2,0.3,2.5,47.6,21.79,21.9
20160430,서울특별시,28152,15.9,,2.8,45.3,8.93,17
20160501,서울특별시,33835,18.8,,2.2,40.5,17.07,20.2
20160502,서울특별시,25867,21.1,16.5,2.2,64.5,15.89,24.4
20160503,서울특별시,12292,12.9,27,4.9,86.1,1.63,14.8
20160504,서울특별시,21848,15.7,,5.1,46.6,24.88,16.6
20160505,서울특별시,30566,18.9,7.5,1.7,50.8,21.6,20
20160506,서울특별시,20235,16.3,9.5,2,89.3,1.91,16.8
20160507,서울특별시,25247,16.5,,2.6,60.3,23.93,19.3
20160508,서울특별시,34801,19.4,,2.1,44.8,23.51,20.8
20160509,서울특별시,24245,20.2,0,2,43,17.4,23.1
20160510,서울특별시,15437,14.5,13.5,2.3,82.4,4.6,16.9
20160511,서울특별시,24040,16.4,,2,60.9,24.41,21.2
20160512,서울특별시,26464,17.8,,2.7,62.4,23.94,22.2
20160513,서울특별시,31517,18.6,0.5,2.1,57,24.86,24
20160514,서울특별시,36630,20.2,,2.3,47.1,23.78,24.7
20160515,서울특별시,23313,17.4,45,2.7,73.9,12.53,20.1
20160516,서울특별시,20901,15.9,2.5,3.2,57,24.54,20.6
20160517,서울특별시,29966,19.3,,1.9,48.8,24.69,23.6
20160518,서울특별시,35162,22.3,,1.9,40.3,25.77,26.9
20160519,서울특별시,41027,24.3,,1.6,36.4,24.95,29.6
20160520,서울특별시,45217,24,,1.8,32,23.48,28.4
20160521,서울특별시,45198,24.1,,2,23.8,24.05,29.3
20160522,서울특별시,49866,24.7,,1.9,35,24.63,30.8
20160523,서울특별시,33079,23.3,,2.1,43,17.7,28.1
20160524,서울특별시,19861,16.8,38.5,2.6,82.6,7.08,18.5
20160525,서울특별시,28597,19.7,,2.7,67.9,15.6,21.1
20160526,서울특별시,22811,19.4,0,1.8,72,8.3,19.4
20160527,서울특별시,33375,20.9,,1.7,61.3,20.68,23.2
20160528,서울특별시,40443,21.7,,2.1,56.1,23.9,28.3
20160529,서울특별시,38743,21.5,,2.3,56.1,20.67,27.6
20160530,서울특별시,32212,22.1,,2.4,57.3,24.57,30.1
20160531,서울특별시,32882,21.6,,2.5,63.6,21.99,27.9
20160601,서울특별시,37448,23.3,,2.1,45.8,24.45,29.6
20160602,서울특별시,40199,23.2,,2.4,38.3,25.38,31.7
20160603,서울특별시,40087,22.2,,2.2,48.1,22.84,29.6
20160604,서울특별시,35505,21.2,,1.6,51.8,11.24,25.7
20160605,서울특별시,49450,24.7,,1.7,47.3,24.43,33.7
20160606,서울특별시,36364,23.3,0,2.3,49.1,15.57,28
20160607,서울특별시,30088,21.7,0.1,1.7,69.5,9.42,22.8
20160608,서울특별시,34942,22.1,,2.3,65.9,20.45,31.3
20160609,서울특별시,38627,24.1,,2,59.5,22.84,32.8
20160610,서울특별시,45020,24.6,,2.2,60.9,21.74,32.6
20160611,서울특별시,40724,23.5,3,1.7,74.3,7.81,25.9
20160612,서울특별시,44192,23.5,1.5,2.1,79.4,10.48,25.4
20160613,서울특별시,37018,23.5,,2.4,70.5,19.87,27.5
20160614,서울특별시,34786,23.8,0,2.1,62.5,19.48,31.8
20160615,서울특별시,25859,20.9,15.5,2.7,81.8,7.05,20.8
20160616,서울특별시,30315,20.9,0,2.8,73.5,13.83,22.4
20160617,서울특별시,42282,23.8,,2.5,63.1,22.38,28.6
20160618,서울특별시,46987,24.5,,1.8,58,22.46,31.4
20160619,서울특별시,43317,24.1,0,1.9,64.5,18.36,30
20160620,서울특별시,36676,24.7,,1.7,66,16.89,29.3
20160621,서울특별시,41997,26,,1.7,60.1,16.41,30.6
20160622,서울특별시,31245,24.3,30.5,2,75.1,8.64,26.2
20160623,서울특별시,38224,24.7,0.1,2.1,71,16.45,26.1
20160624,서울특별시,37716,23.1,3.5,2,75.8,8.81,23.4
20160625,서울특별시,44180,22.8,,2.8,63.1,18.54,24.9
20160626,서울특별시,49799,24.4,,2.7,58.4,25.57,30.5
20160627,서울특별시,36166,24.4,,1.6,55.5,13.72,28.3
20160628,서울특별시,39018,24.7,,1.8,61.1,17.87,27.9
20160629,서울특별시,38830,25.3,,2.2,58,17.64,30.9
20160630,서울특별시,38308,24.6,0.2,2.8,78.1,7.45,26
20160701,서울특별시,23433,24,108.5,2.3,86.5,3.23,23.9
20160702,서울특별시,40997,23.5,4,2.4,81.4,13.17,24.8
20160703,서울특별시,40059,23.5,,1.6,70.4,12.08,23.6
20160704,서울특별시,19514,21.8,29.5,3,85.1,5.05,22.3
20160705,서울특별시,23232,23.1,100.5,2.8,93.6,2.17,22.9
20160706,서울특별시,33833,22.9,0,1.9,74,15.62,24
20160707,서울특별시,36821,24,0,1.3,71.6,15.11,24.9
20160708,서울특별시,51211,27.3,,1.8,66.5,24.24,30.7
20160709,서울특별시,54573,27.7,,2,64.8,24.33,34
20160710,서울특별시,55794,27.9,,1.8,64.4,20.7,34.5
20160711,서울특별시,46666,28.4,0,1.7,67.4,15.06,32.5
20160712,서울특별시,38064,26.3,3,2.1,65.5,17.79,29.2
20160713,서울특별시,38460,26.3,0,2.1,69,13.8,30
20160714,서울특별시,42201,27.5,0.1,2.1,66.9,16.79,32.2
20160715,서울특별시,36449,26.2,1.5,2.6,60,12.2,28.3
20160716,서울특별시,27739,20.8,46.5,3.5,92.8,3.68,21.5
20160717,서울특별시,32431,21.7,2.5,2.6,82.9,5,22.5
20160718,서울특별시,31100,24.4,0.2,1.5,75.1,14.65,25.5
20160719,서울특별시,43332,27.1,,1.5,65.5,20.48,29.5
20160720,서울특별시,45011,28.6,,1.9,62.5,15.58,30.7
20160721,서울특별시,42922,28.3,,2.2,61.3,15.16,31.4
20160722,서울특별시,50007,29.1,,2.2,64,17.51,32.4
20160723,서울특별시,48216,28.7,0.5,1.9,70.4,9.93,30.5
20160724,서울특별시,48485,28,0.5,2,77.9,6.61,28.1
20160725,서울특별시,45453,28.4,,1.9,75.3,9.71,30.1
20160726,서울특별시,45534,28.4,,2.6,69,13.94,32.9
20160727,서울특별시,38961,27.6,0.5,3.2,76.4,4.67,27.1
20160728,서울특별시,43891,28,0.2,2.8,70.6,17.82,31.9
20160729,서울특별시,34719,26.3,59.5,1.6,82.3,5.33,26.6
20160730,서울특별시,47553,28.6,0.5,2.1,73.5,15.27,29.6
20160731,서울특별시,48082,28.9,0.2,1.6,72.1,16.33,30.5
20160801,서울특별시,41640,28.4,,1.6,72,16.53,30.9
20160802,서울특별시,36720,27.2,2,1.2,72.5,9.03,30.3
20160803,서울특별시,47844,29.1,,1.6,65.4,19.2,32.3
20160804,서울특별시,53563,30.7,,1.6,59.6,15.8,35.9
20160805,서울특별시,56557,31.2,,1.8,60.1,17.78,35.1
20160806,서울특별시,56648,30.5,,1.7,64.8,13.56,35.5
20160807,서울특별시,54155,30.6,,1.9,56,20.68,38.3
20160808,서울특별시,50042,30.5,,1.8,63.1,18.34,38.2
20160809,서울특별시,44438,29.3,1,1.9,68.3,12.45,32.8
20160810,서울특별시,48289,29.4,,1.9,66.3,16.98,34.5
20160811,서울특별시,54890,30.5,,2,64.1,22.2,39.2
20160812,서울특별시,57389,30.4,,2,68.3,19.62,37.5
20160813,서울특별시,52801,30.2,,2.4,67.9,20.66,37.8
20160814,서울특별시,52177,28.9,0.2,1.9,74,11.38,33.2
20160815,서울특별시,47003,29.1,0,1.9,65.5,17.09,35.9
20160816,서울특별시,45503,29.3,0.5,1.6,64.9,12.39,35
20160817,서울특별시,46771,29.9,,1.9,60.4,17.75,36.4
20160818,서울특별시,42909,29.9,,1.6,61.9,11.68,33.5
20160819,서울특별시,45639,28.9,11.5,1.4,69.5,9.18,33.7
20160820,서울특별시,53315,30.1,,1.7,59,13.72,29.6
20160821,서울특별시,51173,30.7,0,2.1,57.5,17.95,33.8
20160822,서울특별시,44220,30.7,0.4,2.1,58,18.91,35
20160823,서울특별시,37624,28.3,8,2.1,68.8,10.1,29.5
20160824,서울특별시,40885,29.1,0,1.8,59.1,13.97,29.4
20160825,서울특별시,35608,27.1,4.5,1.9,70.4,11.54,28.9
20160826,서울특별시,31848,23,20,3.6,57,17.17,23.8
20160827,서울특별시,38688,23.4,0,3.1,43.3,20.97,25.4
20160828,서울특별시,30889,21,1.5,2.6,62.5,10.21,23.7
20160829,서울특별시,28195,22.2,,2,54.5,16.17,23.5
20160830,서울특별시,22112,20.6,0,3.3,60.4,12.02,23.1
20160831,서울특별시,18803,17.7,17.5,3.8,85.3,3.02,18.1
20160901,서울특별시,28424,23.2,,3.1,71.3,13.76,21.8
20160902,서울특별시,30313,24.2,4.5,2.7,68.5,16.79,25.5
20160903,서울특별시,38130,23.9,0.5,1.8,73.8,8.93,25
20160904,서울특별시,38936,25.6,,1.5,71.3,10.25,26
20160905,서울특별시,30083,26.4,,1.7,66.1,14.15,28.6
20160906,서울특별시,29052,24.7,,1.8,69,13.98,26.5
20160907,서울특별시,26044,24.3,,1.8,69.8,9.88,27
20160908,서울특별시,23036,23,4.5,1.3,76.4,8.27,23.3
20160909,서울특별시,28801,23.9,,1.8,71.1,15.29,25.5
20160910,서울특별시,36330,24.4,,1.6,65.4,12.96,26.4
20160911,서울특별시,33681,24.5,,1.7,66.3,9.83,25.6
20160912,서울특별시,22998,23.4,2.5,1.9,68.9,9.18,23.6
20160913,서울특별시,26828,24.6,,1.8,62.5,15.74,25.6
20160914,서울특별시,31739,24.6,,1.8,66.1,11.88,27.8
20160915,서울특별시,39914,23.9,,1.3,68.1,13.62,26.5
20160916,서울특별시,29378,24.6,,1.5,64.9,11.91,26.4
20160917,서울특별시,28200,23.1,7,2.9,64.8,13.53,23.1
20160918,서울특별시,27535,23.5,,3.1,53.4,15.29,24.7
20160919,서울특별시,18465,21.9,,3.5,53.3,16.12,25.7
20160920,서울특별시,18685,20.6,,3.1,41.1,19.23,24.8
20160921,서울특별시,18407,20.2,,2,43.4,15.52,22.9
20160922,서울특별시,18989,21.9,,1.8,46.3,15.24,26
20160923,서울특별시,24093,21.4,,1.6,57.9,14.3,24.6
20160924,서울특별시,32806,22.3,,1.6,60.6,14.56,25.5
20160925,서울특별시,33674,23,,1.2,57.6,12.66,26.6
20160926,서울특별시,22806,23.6,,1.8,59.1,11.48,26.2
20160927,서울특별시,15016,21,13.5,1.3,82.5,2.77,21.5
20160928,서울특별시,19081,19.9,0.5,1.3,84.6,3.59,20.7
20160929,서울특별시,20760,20.4,,3,64.4,12.55,21.3
20160930,서울특별시,22379,20.5,,1.6,66.9,7.66,20.9
20161001,서울특별시,24292,21.1,,1.2,69,10.06,21.8
20161002,서울특별시,19721,19,18.5,2.7,84.1,2.6,18.6
20161003,서울특별시,21966,22.7,6.5,2.7,73.3,14.52,23.6
20161004,서울특별시,17008,22,,2.4,58.9,16.86,22.4
20161005,서울특별시,16804,21.1,,3,61.9,11.59,22.1
20161006,서울특별시,14774,18,,2.6,59.3,15.52,21
20161007,서울특별시,13563,19.7,2,2.6,67.8,9.25,21.9
20161008,서울특별시,16138,16.8,6,2.9,66.4,12.09,18
20161009,서울특별시,13787,11.3,,2.9,46.3,16.46,14.6
20161010,서울특별시,11178,14,,1.6,43.3,15.29,16.3
20161011,서울특별시,13029,15.4,,1.8,62.4,11.48,16.5
20161012,서울특별시,12224,15.5,,2,57,13.98,18
20161013,서울특별시,12055,15.2,,1.4,44.1,13.22,17.2
20161014,서울특별시,15986,16.7,,1.3,61.8,11.82,17.2
20161015,서울특별시,21312,19.1,,1.3,60.6,12.6,19.6
20161016,서울특별시,16466,17.2,1.5,1.5,74.1,3.06,16.5
20161017,서울특별시,13886,17.5,,1.4,76.1,9.51,18.2
20161018,서울특별시,14047,17,,1.4,70.9,12.24,17.7
20161019,서울특별시,13093,18,,1.5,67.6,11.84,18.9
20161020,서울특별시,14434,18.6,,1.8,61.3,12.55,19.4
20161021,서울특별시,13019,17.9,,3,58.6,8.17,19.3
20161022,서울특별시,18883,18.3,,1.8,59,8.59,20.1
20161023,서울특별시,13036,13.3,2.5,4,66.3,2.33,13.8
20161024,서울특별시,11503,15.1,,2.4,54.8,13.55,16.4
20161025,서울특별시,10851,14.1,37,2.2,84,4.25,14
20161026,서울특별시,11739,13.3,0,1.4,81,5.48,13
20161027,서울특별시,11683,14.6,,1.9,65.4,9.88,13.5
20161028,서울특별시,11147,14.6,0.3,2.5,61.8,7.11,14.4
20161029,서울특별시,10668,7.8,,3,40.3,6.54,8.3
20161030,서울특별시,11503,7.9,,1.5,31.9,13.56,8.6
20161031,서울특별시,7105,5.7,0.5,2,59.9,2.14,6
20161101,서울특별시,6629,1.5,,2.7,43.6,13.52,4.1
20161102,서울특별시,7404,4.1,0.1,1.4,53.1,10.76,5.4
20161103,서울특별시,9059,9.1,0.2,1.6,62.8,9.91,10.8
20161104,서울특별시,12411,12.3,0,2.7,67,5.14,11.6
20161105,서울특별시,16230,15,0,2.2,77.4,5.09,15.4
20161106,서울특별시,13417,14,,3.4,59.4,8.91,15.3
20161107,서울특별시,9013,12.8,5.5,2.8,71.3,5.09,13.8
20161108,서울특별시,6812,4.1,0.5,3.5,58,10.89,7.4
20161109,서울특별시,7399,2.1,,1.9,41.1,12.02,3.5
20161110,서울특별시,8165,6,0.4,2,55.5,3.87,5.9
20161111,서울특별시,7974,9.1,4,2.2,63.3,9.97,9.3
20161112,서울특별시,13964,11.4,,2.3,62.1,9.07,9.7
20161113,서울특별시,14953,14.4,0.5,1.7,74.8,6.62,13.4
20161114,서울특별시,8598,13.2,1.5,1.7,78.5,2.44,12.8
20161115,서울특별시,7543,5.2,,2.8,44.3,11.6,6
20161116,서울특별시,8347,5.2,,1.4,44.3,8.59,4.2
20161117,서울특별시,9798,9.1,,1.2,56.4,9.33,7.5
20161118,서울특별시,10675,10.3,0,1.9,58.4,6.39,8.3
20161119,서울특별시,15070,13,0,2.2,71.1,7.42,13
20161120,서울특별시,11821,9.8,,2.5,48.6,10.14,10.5
20161121,서울특별시,8109,9.5,,2.2,40.5,4.26,8.4
20161122,서울특별시,6606,2,0.2,3.9,43.3,7.38,5.6
20161123,서울특별시,6069,-1.8,,3,37.5,9.14,1
20161124,서울특별시,6065,-2.5,,2.1,37.8,10.5,0
20161125,서울특별시,8525,1,,1.5,43.9,8.31,1.4
20161126,서울특별시,10386,0.9,2.8,2.3,69.6,1.68,0.2
20161127,서울특별시,11432,3.3,0,1.5,81.3,3.81,4
20161128,서울특별시,6585,1.4,,2.5,57.9,9.47,2.4
20161129,서울특별시,8476,1.7,,1.6,40.8,9.34,1.6
20161130,서울특별시,8372,6,1,2,59.8,4.37,4.7
20161201,서울특별시,7608,4.1,,3.6,47.6,9.39,4.1
20161202,서울특별시,9836,1.6,,1.8,48.4,9.82,1.8
20161203,서울특별시,12667,4.5,,1.4,58.8,8.76,3.5
20161204,서울특별시,12555,5.5,,1.2,60.1,4.16,4.2
20161205,서울특별시,7574,5.9,1.5,3,69.1,4.3,6.6
20161206,서울특별시,7523,-1.1,,2.5,38.5,9.97,0.8
20161207,서울특별시,8764,1.7,0,2.3,58.3,5.96,1.1
20161208,서울특별시,7604,2.1,3,1.7,70,5.28,1.6
20161209,서울특별시,8855,1.4,3,2.8,65.8,8.5,2.8
20161210,서울특별시,10829,-1.6,,1.9,47.6,9.45,-0.6
20161211,서울특별시,11322,-1.1,,1.2,42.6,9.58,-1.4
20161212,서울특별시,8164,2.3,,1.9,37.9,5.71,2.2
20161213,서울특별시,7628,3.4,,2,53.6,6.64,2.9
20161214,서울특별시,7014,-1.4,0.1,2.7,68.1,2.98,-0.1
20161215,서울특별시,5979,-5,,3,41.8,9.64,-2.2
20161216,서울특별시,7616,-4.7,,2.2,40.3,9.62,-3.3
20161217,서울특별시,12349,2.7,0,1.8,60.1,6.21,0.7
20161218,서울특별시,11985,4.9,,1.9,68.8,3.06,3.9
20161219,서울특별시,9156,7.2,0.1,2.5,66,5.32,6.2
20161220,서울특별시,9154,7.6,,1.2,71.3,7.86,4.6
20161221,서울특별시,6891,7.9,29,3.5,75.5,5.01,5.8
20161222,서울특별시,8024,5.5,23.5,3.5,90.3,1.37,6.8
20161223,서울특별시,7591,-2.5,0.1,3.6,71.1,2.35,0
20161224,서울특별시,10418,-2.4,,1.8,66,4.96,-0.5
20161225,서울특별시,12097,1,,1.7,69.5,7.54,0
20161226,서울특별시,7375,2.5,0,1.4,73.8,1.66,2.2
20161227,서울특별시,6672,-2.3,0.5,3.5,54.6,9.29,0.6
20161228,서울특별시,7470,-3.7,,1.8,49,9.22,-2.1
20161229,서울특별시,7375,-4.2,0.3,2.8,53.1,9.67,-1.2
20161230,서울특별시,9226,-3.9,,1.3,50.9,6.79,-3
20161231,서울특별시,12558,0.7,0,1.5,65.4,5.28,1.2
20170101,서울특별시,12153,2.7,,1.5,75.9,4.38,0.9
20170102,서울특별시,7209,5,0.3,2.1,77.8,5.11,4.8
20170103,서울특별시,8007,2,,1.8,61.8,8.51,1.5
20170104,서울특별시,8406,3.9,,1.7,55,8.68,3
20170105,서울특별시,7784,3.8,,3.1,52.3,4.27,2.4
20170106,서울특별시,9432,5.4,,2.4,58.5,7.04,4.6
20170107,서울특별시,14071,4.6,,1.4,64.9,7.45,3
20170108,서울특별시,13756,6.5,0,2.6,61.4,5.64,5.7
20170109,서울특별시,7257,1.5,0,3.3,60.8,7.29,3.6
20170110,서울특별시,6545,-3.7,,3.2,45.1,8.99,-1.3
20170111,서울특별시,6675,-3.8,,2.1,36.4,9.47,-2.2
20170112,서울특별시,7403,-2.2,0,3.1,43.1,9.62,-0.4
20170113,서울특별시,6629,-6,0.6,2.9,47.4,8.18,-3.1
20170114,서울특별시,9051,-8.4,,3.8,33.3,10.7,-5.5
20170115,서울특별시,9157,-6.6,,2.3,35.3,10.76,-4.2
20170116,서울특별시,7020,-3.8,,1.4,37.6,10.41,-2.8
20170117,서울특별시,7784,-2,,1.5,46.6,7.58,-2.3
20170118,서울특별시,7490,-0.5,0,1.3,68.9,4.48,-1.6
20170119,서울특별시,7937,-1.2,,1.6,55.4,8.08,-0.9
20170120,서울특별시,7256,-4.4,4,3,70.3,6.88,-2.2
20170121,서울특별시,9740,-5.2,2.1,1.6,78.1,6.37,-3.6
20170122,서울특별시,9840,-8.3,0,3.8,51.3,10.73,-2.7
20170123,서울특별시,5767,-8.9,,2.2,48.4,10.81,-4.9
20170124,서울특별시,6242,-7,,2,49.6,11.07,-5
20170125,서울특별시,6813,-5.2,,1.5,50.6,10.78,-4.8
20170126,서울특별시,7796,-1.3,0.3,2.2,64.4,7.06,-2.5
20170127,서울특별시,10499,-2.6,3,3.4,47.3,11.32,0.6
20170128,서울특별시,14267,-1.6,,1.7,38,10.22,-1.4
20170129,서울특별시,10949,0.8,4.5,1.8,71.1,1.94,0.1
20170130,서울특별시,8771,-4.8,0.1,3.3,61.4,11.49,0.1
20170131,서울특별시,6341,-5.4,,1.7,44.8,10.8,-1.8
20170201,서울특별시,5463,-4,,2.5,44.5,12.02,-1.6
20170202,서울특별시,5925,-2.7,,2.7,52.9,12.2,-1.5
20170203,서울특별시,6992,1.5,,1.5,65.4,10.33,1.8
20170204,서울특별시,10644,0.9,,1.6,69.4,3.59,-0.1
20170205,서울특별시,9239,1.2,0.5,2.1,75.3,2.44,0.7
20170206,서울특별시,5771,-1.7,,3,51,12.49,1
20170207,서울특별시,6473,-2,,1.5,45.4,7.68,-0.5
20170208,서울특별시,6208,-2.2,,2,50.1,5.84,-1.3
20170209,서울특별시,6416,-5.3,,3.8,47,11.31,-3.3
20170210,서울특별시,6072,-6.6,,4.1,44.3,13.12,-3.1
20170211,서울특별시,9454,-4.8,,2.8,45.4,13.41,-1.7
20170212,서울특별시,9919,-2.2,,2.1,51.3,13.67,0.2
20170213,서울특별시,5966,0.1,,1.6,59.6,9.32,0.2
20170214,서울특별시,6330,0.3,,2.5,46,13.79,3
20170215,서울특별시,6892,1.8,,1.4,52.1,11.14,1.5
20170216,서울특별시,8079,5.5,0,2,63.9,5.08,2.8
20170217,서울특별시,7078,0.8,4,3.9,56.9,14.39,4.9
20170218,서울특별시,9617,-2.6,,2.8,49.4,14.56,0.4
20170219,서울특별시,9175,2.3,1,1.9,68,5.12,0.3
20170220,서울특별시,6664,-1.5,0.5,4.2,53.8,14.19,2.4
20170221,서울특별시,7360,-0.6,,1.6,37.1,14.09,1.1
20170222,서울특별시,7383,1.7,5.1,2.7,70.8,2.21,0.7
20170223,서울특별시,6702,-1.5,,3.8,56.4,15.33,1.7
20170224,서울특별시,8856,-0.8,,2.2,51.3,14.28,1.5
20170225,서울특별시,11174,2.6,,2.3,63.6,15.11,3.2
20170226,서울특별시,11971,3.6,,2.1,52.8,14.97,4
20170227,서울특별시,8273,3.7,,1.8,37.4,15.89,4.2
20170228,서울특별시,10614,5.6,,2,41.5,14.29,4.8
20170301,서울특별시,10281,5,5,1.8,65,6.72,4.7
20170302,서울특별시,8583,1.8,0.5,3.1,59.5,15.81,5.7
20170303,서울특별시,10795,3.3,,2.1,54.4,15.05,3.8
20170304,서울특별시,13409,5.7,,1.6,60,15.33,5.3
20170305,서울특별시,11507,5.2,0.5,2.1,71.6,10.86,5.4
20170306,서울특별시,7134,0.1,,4,41.3,17.51,2.9
20170307,서울특별시,7134,-1.3,0,3.9,37.5,17.54,2.8
20170308,서울특별시,7268,-0.1,0,3.1,50.6,13.6,1.4
20170309,서울특별시,7985,3.2,,3.1,47.3,15.76,3.7
20170310,서울특별시,11395,4.8,,2.2,37.4,17.26,5.3
20170311,서울특별시,14255,7.3,,1.8,37.4,16.7,6.9
20170312,서울특별시,13840,8.2,0,2,58.4,8.84,9
20170313,서울특별시,8865,6.9,,2.5,49.8,16.79,8.7
20170314,서울특별시,7892,5.8,,3.2,37.5,17.81,7.9
20170315,서울특별시,9864,6.3,,2.1,34.9,17.71,8.3
20170316,서울특별시,10024,6.2,,1.9,41.8,16.57,8.2
20170317,서울특별시,10104,7.7,,2,43.1,16.6,9.5
20170318,서울특별시,14850,9.5,,2.3,34.1,15.94,11.6
20170319,서울특별시,16039,10.9,,1.6,36,17.09,12.7
20170320,서울특별시,8874,10.2,,1.8,40.4,6.43,10.4
20170321,서울특별시,8770,7.4,,3.1,48.1,14.74,8.9
20170322,서울특별시,10588,7.6,,2.5,32.8,18.17,11.2
20170323,서울특별시,10710,9.1,,2.2,34,15.76,11.8
20170324,서울특별시,12739,8.7,,2.1,41.4,14.18,11.3
20170325,서울특별시,14041,8.1,,2.1,41.1,12.08,9.9
20170326,서울특별시,14023,7.3,,2.2,53.1,12.83,11.2
20170327,서울특별시,8659,6.1,0.4,2.5,67.4,8.45,7
20170328,서울특별시,10402,7.1,,1.9,59.8,13.18,10.1
20170329,서울특별시,10904,8.8,,2.3,54.9,17.57,13.2
20170330,서울특별시,14412,10.6,,1.9,50,17.17,13.9
20170331,서울특별시,12051,8.6,1.5,2.4,70.6,4.85,8.8
20170401,서울특별시,16142,9,1,2.1,60.5,15.86,14.6
20170402,서울특별시,15646,9,,2.1,53.1,19.44,13.1
20170403,서울특별시,11694,11.4,,2.1,45.6,20.1,15.5
20170404,서울특별시,14829,14.1,,2,35.3,18.32,17.5
20170405,서울특별시,9273,12,37.5,2.4,66,3.29,11
20170406,서울특별시,11522,10.4,3,2.4,90,4.66,11.9
20170407,서울특별시,19486,14.5,,2.1,68.1,18.39,16.6
20170408,서울특별시,19364,13,0.5,2.5,74.5,16.31,16.5
20170409,서울특별시,20500,14.8,0.5,2.8,59.6,16.96,17.4
20170410,서울특별시,15367,16.5,,2.8,25.8,22.11,19
20170411,서울특별시,16445,15.3,,3.2,36.8,18.42,17.2
20170412,서울특별시,11339,11.5,,3.7,21.8,21.62,16.3
20170413,서울특별시,14731,12.7,0,2.5,54,16.62,16.5
20170414,서울특별시,14076,13,6,3.5,57.9,8.26,12.5
20170415,서울특별시,24875,16.8,,2.2,59.4,20.01,18.6
20170416,서울특별시,26999,18.7,,1.4,52.9,,19.7
20170417,서울특별시,11058,14.7,5.5,2.2,66.5,4.44,13.2
20170418,서울특별시,10823,11.7,7.5,2.5,76.5,6.2,11.2
20170419,서울특별시,14080,12.6,,2.9,43.1,23.08,15.2
20170420,서울특별시,13489,12.9,0.1,2.3,45.4,10.27,13.4
20170421,서울특별시,17632,13.1,,2,56.5,18.12,15.9
20170422,서울특별시,21646,14.8,,2.1,48.4,21.83,19.9
20170423,서울특별시,23460,14.9,,2.4,40,23.55,19.3
20170424,서울특별시,14537,15.1,,2.7,39.4,21.56,18.3
20170425,서울특별시,15352,16,,2.7,56.8,,18.4
20170426,서울특별시,15557,15.1,,3.3,36,25.55,21.8
20170427,서울특별시,15157,13.6,,3.3,41.8,24.94,20.2
20170428,서울특별시,18462,14.4,,3,57.3,22.59,19.1
20170429,서울특별시,23743,17.1,,2.7,44.3,24.45,22.1
20170430,서울특별시,26078,19.3,,2.6,57.9,21.96,24.2
20170501,서울특별시,27043,20.1,,1.9,50.8,24.3,25.8
20170502,서울특별시,25152,20.7,,2.1,42,20.21,25.4
20170503,서울특별시,29648,21.5,,2,34.1,24.05,27.2
20170504,서울특별시,25978,21,,2,43.6,17.89,25.4
20170505,서울특별시,27806,20.9,,3.2,53.4,23.38,28.4
20170506,서울특별시,19227,14.9,,3.8,32,25.23,22.3
20170507,서울특별시,23220,16.6,,3.2,42.6,25.9,23.6
20170508,서울특별시,19760,17.9,,2.1,43.6,16.92,21.7
20170509,서울특별시,21765,17.1,2.5,1.6,62.6,8.34,19.7
20170510,서울특별시,14573,16.4,2.5,2.5,73,15.29,18.4
20170511,서울특별시,23261,19.3,0,1.8,65.3,16.69,21.6
20170512,서울특별시,21109,19.1,,2.1,71.6,5.57,17.6
20170513,서울특별시,20932,16.4,6,3.1,77.8,8.35,17.2
20170514,서울특별시,26703,15.7,,3.7,58.3,27.71,19.9
20170515,서울특별시,17101,16,0,2.8,61.4,17.5,20.7
20170516,서울특별시,18293,17.1,,2,60.5,16.79,22
20170517,서울특별시,25781,18.6,,2.1,51.5,26.53,25.8
20170518,서울특별시,26449,20.4,,2.3,41.9,24.44,27.2
20170519,서울특별시,31888,21.1,,2.6,42.6,26.72,28.9
20170520,서울특별시,33182,20.9,,2.4,44,24.18,27.8
20170521,서울특별시,33123,21.5,,2.3,48.1,26.62,30.6
20170522,서울특별시,26847,21.8,,2,53.6,22.27,29
20170523,서울특별시,19332,20,5,1.9,68,11.66,23.6
20170524,서울특별시,27903,21.8,0.1,2,60.4,24.99,27
20170525,서울특별시,25036,19.2,,3.4,45.6,24.3,25.9
20170526,서울특별시,22844,17.7,,2.9,41.5,25.32,26.1
20170527,서울특별시,30774,19.5,,2.2,46.1,26.95,28.4
20170528,서울특별시,32236,21.2,,2.7,50.6,23.57,28.3
20170529,서울특별시,28299,22.9,,2.3,61.8,22.29,29.8
20170530,서울특별시,29420,23.6,,2.4,43.5,21.3,29.1
20170531,서울특별시,30325,23.3,,1.9,49.1,20.09,30.7
20170601,서울특별시,28181,23.3,,3.1,51.8,21.83,31.4
20170602,서울특별시,27913,20.5,0,2.8,37.4,25.66,29.1
20170603,서울특별시,31461,20.5,,3,44,27.88,31.2
20170604,서울특별시,32813,21.7,,2.6,36.9,27.49,30.3
20170605,서울특별시,30326,24.2,0,1.9,33.3,26.62,32.8
20170606,서울특별시,21141,19.4,15.5,2.5,60,7.4,21.6
20170607,서울특별시,14351,17.6,12.5,2.4,91.4,3.47,17.8
20170608,서울특별시,23859,20.1,,2.8,67.3,25.61,23.1
20170609,서울특별시,24973,21.2,0.1,3.3,69.8,16.67,23.8
20170610,서울특별시,31578,21.5,4.5,2.3,46.8,24.26,22.4
20170611,서울특별시,36220,22.8,,2.2,33.8,28.53,26.8
20170612,서울특별시,22414,22.1,,2.8,45.5,24.22,27
20170613,서울특별시,24827,21.5,0,2.4,63,21.29,28.7
20170614,서울특별시,23970,21.8,,2.8,63,25.27,30.1
20170615,서울특별시,30946,23.1,,2.5,62.4,24.81,30.5
20170616,서울특별시,36031,25.5,,2.2,55.8,24.11,32.5
20170617,서울특별시,36955,24.2,,2.4,52.3,24.5,32.2
20170618,서울특별시,36971,24.3,,2.3,52,26,32.4
20170619,서울특별시,28834,24.8,,1.8,50.9,21,30.4
20170620,서울특별시,28474,26,0,2.1,43.4,18.81,30.3
20170621,서울특별시,30731,25.4,0,2.9,52.6,23.53,34
20170622,서울특별시,30481,25.3,,2.5,57.3,23.53,34.8
20170623,서울특별시,39148,26.7,,2,53,22.75,34.6
20170624,서울특별시,29311,24.5,3.5,1.2,60.4,7.22,26.3
20170625,서울특별시,33547,23.8,1.5,1.5,75.4,12.96,24.4
20170626,서울특별시,23982,23.1,29,2.2,76.9,14.3,24.5
20170627,서울특별시,27814,25.2,0,2.2,67.5,18.34,27.3
20170628,서울특별시,29245,26,,2.1,63.5,16.7,27
20170629,서울특별시,30223,26.2,,2.2,64.8,21.06,29.5
20170630,서울특별시,34244,25.9,,2.2,65.9,19.45,31.4
20170701,서울특별시,37777,25.3,0.5,2,73.6,13.89,30.5
20170702,서울특별시,30768,24.3,92,2.5,90.5,5.5,24.7
20170703,서울특별시,24444,24.7,67.5,3.5,87.6,9.19,25.1
20170704,서울특별시,37346,26.7,0.5,2,74.5,19.73,28.3
20170705,서울특별시,37912,27.4,,1.5,66.9,18.39,27.2
20170706,서울특별시,39564,27.6,34,1.7,72.3,19.12,31.1
20170707,서울특별시,28833,26.4,16.5,2,80.8,6.32,26.4
20170708,서울특별시,36881,26,4.5,2.6,83.3,4.66,25.9
20170709,서울특별시,35784,26.3,32.5,1,88,9.27,27.4
20170710,서울특별시,17364,24,144.5,2.3,96.5,2.01,24.4
20170711,서울특별시,37502,26,1,2.1,81.4,13.94,27.2
20170712,서울특별시,40673,27.1,0,2.3,75.9,17.01,29.2
20170713,서울특별시,40736,27.6,,1.5,71,19.23,29.2
20170714,서울특별시,41605,28.7,0,2.1,68.4,16.04,30.7
20170715,서울특별시,30089,25,42.5,2.2,89,5.65,25.7
20170716,서울특별시,36147,26.2,22.5,1.4,83.4,10.5,27.1
20170717,서울특별시,28597,26.8,7.5,2,77.3,11.18,28.1
20170718,서울특별시,33952,26.5,2.5,1.6,80.6,11.5,27.5
20170719,서울특별시,39720,28.3,,1.8,71.4,20.43,29.6
20170720,서울특별시,43142,29.9,,2.2,66.1,20.59,33.2
20170721,서울특별시,42919,29.8,,2.5,73.1,10.81,30.7
20170722,서울특별시,39564,29.3,0.5,2.3,75.8,10.01,30.9
20170723,서울특별시,38150,27,133.5,2.1,89.5,2.72,26.7
20170724,서울특별시,26890,26.2,3,1.2,82.3,5.17,26.8
20170725,서울특별시,40833,29.4,,1.9,64.1,21.74,31.7
20170726,서울특별시,36952,28.7,,2.7,55.6,22.61,32.5
20170727,서울특별시,31644,27.1,3.5,1.9,62.5,10,29
20170728,서울특별시,29482,25.5,8.5,1.5,92.1,3.38,25.9
20170729,서울특별시,38082,27.2,0,2.3,72.3,11.78,27.5
20170730,서울특별시,38616,27.9,,1.9,64.4,18.56,29.9
20170731,서울특별시,26150,25.7,3.5,1.4,82.3,4.34,26.1
20170801,서울특별시,37501,28.6,2,1.7,73,18.08,29.4
20170802,서울특별시,35993,30,,1.3,71.9,11.98,30.4
20170803,서울특별시,38229,30.2,,2.2,60.6,21.79,32.8
20170804,서울특별시,39531,30.3,,2.1,60.1,22.18,34.6
20170805,서울특별시,45124,31.4,0,1.9,63,16.84,35.8
20170806,서울특별시,38022,29.8,5,1.9,71.9,11.98,32.1
20170807,서울특별시,36715,29.2,,2.4,68.1,22.74,33.6
20170808,서울특별시,33197,28.2,,1.9,67.1,13.47,30.5
20170809,서울특별시,28995,27.6,2.5,2.3,66.4,14.17,32
20170810,서울특별시,21308,24.8,5.5,2,89.9,6.21,27.4
20170811,서울특별시,31910,27,0.5,2.3,72.5,15.55,29.4
20170812,서울특별시,36128,27.8,,2.1,60.3,18.42,29.2
20170813,서울특별시,30191,26.3,0,2.8,62.1,11.22,27.8
20170814,서울특별시,21317,24.6,1.5,3.6,67.5,7.26,25.4
20170815,서울특별시,18262,21.9,93.5,3.6,93.8,3,22.9
20170816,서울특별시,17343,23.3,2,3.7,80.5,10.41,24.6
20170817,서울특별시,20864,24.8,0.5,2.1,77.1,9.67,26.1
20170818,서울특별시,25791,26.3,0,1.3,75.6,12.1,26.8
20170819,서울특별시,28618,26.1,0,2,75.8,9.79,26.9
20170820,서울특별시,17667,23.2,124.5,2.9,95.6,3.48,23.8
20170821,서울특별시,20830,25.8,5,2.4,81.5,10.72,26.9
20170822,서울특별시,24782,27.3,,1.9,70.6,16.45,29
20170823,서울특별시,20095,27.2,31.5,2.6,84.1,8.22,27.4
20170824,서울특별시,19913,26.5,14,4,85.3,3.62,25.7
20170825,서울특별시,24543,25.3,,1.7,61.9,20.24,25.7
20170826,서울특별시,29611,24.2,,2,54.5,24.43,27.3
20170827,서울특별시,25924,22.7,0,1.4,62,10.32,24.8
20170828,서울특별시,14452,21.5,9,1.5,73.1,6.82,22.6
20170829,서울특별시,15966,19.5,,3.2,51.4,21.08,22.8
20170830,서울특별시,16815,19.8,,1.5,55.8,9.64,19.7
20170831,서울특별시,20087,22.2,,1.6,62.4,19.21,24.3
20170901,서울특별시,26364,23.3,,2.2,56,22.7,26.6
20170902,서울특별시,31276,23.8,,1.8,59,19.67,27.2
20170903,서울특별시,29795,23.7,,1.6,64,15.85,25.6
20170904,서울특별시,23948,24.6,,1.6,53.8,17.94,28.6
20170905,서울특별시,20593,21.9,0,1.7,62.4,5.38,22.6
20170906,서울특별시,17094,20.6,2,1.2,75.5,6.06,21.5
20170907,서울특별시,22714,22.4,,1.4,73.3,14.01,24.3
20170908,서울특별시,27909,24.3,,1.7,67.5,19.77,27.6
20170909,서울특별시,31824,23.8,,1.4,70.1,16.69,26.5
20170910,서울특별시,28041,23,0.5,1.4,74.3,7.34,24.3
20170911,서울특별시,16750,21.2,24,1.7,79.8,8.17,22.6
20170912,서울특별시,20753,22.1,,1.9,58.6,19.09,23.3
20170913,서울특별시,22393,21.4,,1.9,49.3,21.6,23
20170914,서울특별시,22666,22.4,,1.7,48.8,20.59,23.9
20170915,서울특별시,24554,22.6,,3.6,48.4,19.03,25
20170916,서울특별시,29041,22,,3.6,50.9,20.23,25.2
20170917,서울특별시,29604,23.1,,2.7,51.3,19.04,26.7
20170918,서울특별시,20231,21.9,,2.1,62.8,18.98,25.8
20170919,서울특별시,18889,22.6,8,3,79.1,7.26,24.6
20170920,서울특별시,18579,19.5,,2.4,48.9,20.74,20.3
20170921,서울특별시,20198,20.3,,1.6,57.3,19.35,21.7
20170922,서울특별시,22384,20.6,,2.1,60.8,16.7,22.1
20170923,서울특별시,25645,21.8,0,1.6,69.8,13.3,23.3
20170924,서울특별시,27134,22.4,0,2,71.5,11.77,24.3
20170925,서울특별시,18656,23.4,,1.4,58,16.62,25.2
20170926,서울특별시,19522,25.1,0,1.9,57,15.66,27
20170927,서울특별시,16666,22.7,0.5,1.7,66.4,0.02,24
20170928,서울특별시,14852,19.2,,2.8,49.1,11.81,23
20170929,서울특별시,15857,17.4,,2.2,39.3,13.75,20
20170930,서울특별시,22056,20,,1.5,64.9,6.11,21.1
20171001,서울특별시,17850,18.2,4,2.3,74.8,3.06,18.8
20171002,서울특별시,17535,22,1.5,2.3,62.3,11.2,21.7
20171003,서울특별시,17765,17.6,,2.3,49.8,7.19,18.2
20171004,서울특별시,20529,16.7,,1.8,48.5,9.93,17.5
20171005,서울특별시,15796,18.7,,2.1,56.4,7.21,18.7
20171006,서울특별시,14497,18.9,0.5,2.3,66.4,5.32,19.4
20171007,서울특별시,19424,21.9,0,1.2,67.6,9.17,23.9
20171008,서울특별시,23779,23,,1.4,66.9,9.32,25.3
20171009,서울특별시,17781,22.5,0,1.5,66,7.24,24.9
20171010,서울특별시,11558,21.4,0.4,1.3,76.9,3.75,22.1
20171011,서울특별시,8401,15.5,20,2.9,77.1,3.87,17.4
20171012,서울특별시,8648,11.4,,2,71,2.23,11.7
20171013,서울특별시,10129,12.8,,3.2,51,9.41,12.8
20171014,서울특별시,15933,14.4,,,42.8,10.58,13.5
20171015,서울특별시,15806,15.8,,1.7,42.5,9.97,15.3
20171016,서울특별시,11466,16.6,,1.7,47.6,7.3,17.2
20171017,서울특별시,11607,16.2,,1.3,47.1,10.3,16.2
20171018,서울특별시,10657,16.5,0.1,2.4,58.8,3.13,15.7
20171019,서울특별시,11943,17,,1.8,58.3,9.08,16.8
20171020,서울특별시,13070,17,,1.5,58.6,9.75,16.9
20171021,서울특별시,16394,17.6,,1.3,52.8,9.75,16.7
20171022,서울특별시,16411,16.3,,3.1,50.4,8.97,15.6
20171023,서울특별시,9544,13.7,,1.4,47,9.37,14.4
20171024,서울특별시,10090,14.4,,1.9,54.3,7.95,14.3
20171025,서울특별시,8663,14.4,,1.5,59,9.17,14.7
20171026,서울특별시,10189,14.5,,1.2,56.5,4.42,14.6
20171027,서울특별시,13350,16.9,,1.2,54.4,8.47,16.8
20171028,서울특별시,15832,17.2,,2,51.9,8.75,16.5
20171029,서울특별시,11488,11.5,,3.3,45.6,7.94,12.1
20171030,서울특별시,6835,7.7,,2.4,27.4,9.16,10.1
20171031,서울특별시,9115,10.4,,1.8,54.3,8.01,11.4
20171101,서울특별시,10336,14.4,,2.1,72.4,2.94,14.5
20171102,서울특별시,9934,15.5,1,1.6,78.8,2.28,14.6
20171103,서울특별시,9525,12.3,1.5,3.2,66,5.24,12.8
20171104,서울특별시,10940,7.8,,2.5,47.9,8.3,8.6
20171105,서울특별시,11683,8.4,,1.5,52.5,,7.9
20171106,서울특별시,8674,11.4,,1.5,64.5,6.24,11.9
20171107,서울특별시,10265,14.4,0,1.5,61.4,4.41,14.4
20171108,서울특별시,8502,13.1,0,3,53.3,7.21,13.9
20171109,서울특별시,8559,9.4,,1.2,39.6,7.63,8.8
20171110,서울특별시,7238,9.8,7.5,3,56.3,2.05,8.3
20171111,서울특별시,9749,5.9,,2.2,42.9,8.18,5.2
20171112,서울특별시,9475,5.3,,1.4,57.1,6.72,3.8
20171113,서울특별시,7094,8.4,4.5,1.9,64.4,2.85,6.8
20171114,서울특별시,5981,7.5,,2.4,42.5,7.48,6.1
20171115,서울특별시,6221,3.2,,2.8,38.3,7.34,2.6
20171116,서울특별시,6747,1,,1.5,30.3,7.66,1.6
20171117,서울특별시,7121,3,0,2.2,39.4,1.24,1.6
20171118,서울특별시,7604,-2.1,,3.4,38.5,7.97,0.4
20171119,서울특별시,8925,-1.6,,2.2,37.8,7.42,-0.8
20171120,서울특별시,4754,-0.4,0,1.4,55.3,,-0.3
20171121,서울특별시,6137,1.3,,1.4,55.6,7.14,0.8
20171122,서울특별시,6826,4.3,0.5,2.4,54.8,4.17,2.8
20171123,서울특별시,6268,0.9,1.2,2.1,49.3,5.25,0.9
20171124,서울특별시,6820,-0.4,0,1.8,62.5,6.34,1.2
20171125,서울특별시,10522,3,24,1.8,77.6,2.08,1.1
20171126,서울특별시,11818,3.3,,1.8,71.6,5.95,3.5
20171127,서울특별시,6565,2.5,,1.3,53,,1.9
20171128,서울특별시,7586,6.4,0.5,1.1,64.1,4.21,3.9
20171129,서울특별시,7243,3.2,0,2.8,48.3,7.04,4.3
20171130,서울특별시,6020,-2.4,,3.3,26.8,,-0.2
20171201,서울특별시,6711,-2.2,0,1.6,49.4,5.97,-1.9
20171202,서울특별시,11451,1.9,,1.7,59.9,6.33,0.4
20171203,서울특별시,10938,4.9,4,1.5,83.1,3.01,4.6
20171204,서울특별시,5655,-1.2,0.1,3.4,48.1,6.79,1.2
20171205,서울특별시,5668,-4.2,0.1,,40.1,0.86,-2.7
20171206,서울특별시,6198,0.2,1.2,,72.6,6.14,0.4
20171207,서울특별시,5382,0.7,,1.7,64.5,5.85,1.7
20171208,서울특별시,6538,-3.8,,1.8,41.3,6.89,-1.7
20171209,서울특별시,10285,-0.5,,1,46.1,6.32,-1
20171210,서울특별시,10221,1.1,4.1,2,67.9,2.08,-0.2
20171211,서울특별시,4361,-7,,3.5,40.5,7.01,-3.2
20171212,서울특별시,5290,-9.4,,2.1,41.9,6.8,-6
20171213,서울특별시,5494,-8.7,,1.7,42,6.81,-6.4
20171214,서울특별시,5507,-6.6,,0.9,42.9,3.7,-5.4
20171215,서울특별시,7498,-3,0,1,52.6,2.41,-3
20171216,서울특별시,8116,-5.7,,3,43.1,6.4,-4.4
20171217,서울특별시,8380,-6.7,,1.9,38.1,6.51,-5.7
20171218,서울특별시,5121,-1.6,3.4,1.2,80,1.66,-1.6
20171219,서울특별시,5439,-3.9,,2.1,49.4,6.61,-2
20171220,서울특별시,5563,-3.9,0.2,1.1,68,3.36,-2.6
20171221,서울특별시,6828,-0.9,,1.2,71.4,6.15,-2.2
20171222,서울특별시,7777,3.4,,1.1,66.6,3.41,0.4
20171223,서울특별시,10987,6.1,,1.1,75.8,3.28,1.7
20171224,서울특별시,11038,2.9,20,1.9,82,0.7,1.5
20171225,서울특별시,7712,-2.1,,2.8,43.1,6.77,-1
20171226,서울특별시,5236,-3.8,,2.9,41.8,6.72,-2.5
20171227,서울특별시,4682,-6.9,,1.9,31.4,6.61,-4.6
20171228,서울특별시,6067,-2.1,0,1.3,47,3.79,-1.7
20171229,서울특별시,8422,2.1,0,1.1,67,3.87,0.4
20171230,서울특별시,10435,1.4,0.7,0.9,79.5,2.25,-0.2
20171231,서울특별시,10760,-0.3,1,2.3,54.4,6.63,0.2
20180101,서울특별시,10759,-1.3,,1.4,39.1,6.14,-1.7
20180102,서울특별시,6483,-1.8,,1.8,42,5.36,-2.3
20180103,서울특별시,6080,-4.7,,2.2,42.3,6.56,-3.4
20180104,서울특별시,5942,-4.7,,1.4,43,4.73,-3.3
20180105,서울특별시,7078,-3,,1.7,48.4,5.96,-2.6
20180106,서울특별시,10665,-2.8,,1.5,45.8,6.79,-3.1
20180107,서울특별시,10382,-0.8,,0.8,42.1,3.75,-2.2
20180108,서울특별시,7195,1.3,0.9,1.8,51.9,2.39,0.4
20180109,서울특별시,6622,-4.2,0.5,2.9,59.4,5.6,-1.2
20180110,서울특별시,5615,-7.5,0.3,3,52,6.85,-2.9
20180111,서울특별시,5458,-11.1,,2.8,49.8,6.8,-5.6
20180112,서울특별시,7535,-10.2,0,1.7,35.4,7.11,-6.1
20180113,서울특별시,10988,-4.4,0.4,0.8,67.3,2.8,-2.8
20180114,서울특별시,12152,0.6,,1.2,64.1,4.55,-1.1
20180115,서울특별시,7849,4.7,0.2,1.4,63.9,4.67,1.5
20180116,서울특별시,8774,3.5,0,0.7,59.1,2.4,0.7
20180117,서울특별시,7945,4.5,,1.2,64.1,4.17,1.7
20180118,서울특별시,8522,2.1,0,1.9,59.6,,1.3
20180119,서울특별시,10104,1,,1.6,43,6.56,0.3
20180120,서울특별시,13007,2.2,,1.6,57.6,4.51,0.2
20180121,서울특별시,10953,0.4,,1,36.6,5.88,-0.5
20180122,서울특별시,7604,0.2,3.3,1.5,56.5,1.91,-0.2
20180123,서울특별시,6228,-11.7,,3.7,42,7.62,-4.4
20180124,서울특별시,5804,-14.2,,3.4,31.6,7.73,-8.3
20180125,서울특별시,5905,-14,,2.8,32.6,7.28,-8.5
20180126,서울특별시,7033,-14.8,,2.6,34.9,,-9.3
20180127,서울특별시,9739,-9.9,,1.4,37.4,7.5,-7.5
20180128,서울특별시,10826,-6.3,,2.6,36,6.38,-4.4
20180129,서울특별시,6647,-8.5,,2.7,35,7.68,-6.2
20180130,서울특별시,7597,-5.3,2.9,1.3,62,5.41,-4.6
20180131,서울특별시,7263,-2.6,0,1.6,54.5,3.9,-1.8
20180201,서울특별시,7167,-4,,1.6,44.1,8.09,-3.1
20180202,서울특별시,7746,-2.4,,1.6,51.1,7.29,-2.8
20180203,서울특별시,9213,-7.3,0.5,3.8,47,13.65,-3.7
20180204,서울특별시,8951,-9.5,,3.1,40.9,13.65,-6.6
20180205,서울특별시,5426,-9.4,,3,37.8,14.31,-6.8
20180206,서울특별시,5422,-10.1,,3.1,36.5,14.13,-6.9
20180207,서울특별시,6100,-8,,1.5,39.8,13.39,-6.1
20180208,서울특별시,6274,-4.4,,1.2,43.3,13.05,-3.9
20180209,서울특별시,8504,0.4,,1.1,43.9,6.56,-1.3
20180210,서울특별시,10265,-0.5,,3,47.4,9.41,0.2
20180211,서울특별시,9600,-6.1,0,2.7,42.5,12.26,-3.4
20180212,서울특별시,6304,-5.8,0,2.7,40.8,13.74,-3.2
20180213,서울특별시,6267,-0.8,,2.7,54.5,13.72,-1.5
20180214,서울특별시,7749,3.5,,2.6,51,6.92,1.7
20180215,서울특별시,10401,-0.7,,2.5,28,,0.9
20180216,서울특별시,13995,-1.1,,2.1,40.1,14.1,-0.1
20180217,서울특별시,10372,-3,,2.9,25.6,15.8,-0.8
20180218,서울특별시,8898,-0.4,,1.3,26.9,11.22,-0.1
20180219,서울특별시,6997,1.8,,1.5,48.6,10.08,1.1
20180220,서울특별시,7015,0.9,,2.5,41,13.56,1.2
20180221,서울특별시,6325,-0.9,,2.3,31.5,15.28,0.2
20180222,서울특별시,6558,1.3,0.4,2.2,59,9.45,0.2
20180223,서울특별시,8173,4.2,3.7,1.9,81.1,9.43,2.4
20180224,서울특별시,9749,2.4,,2.1,49.4,13.09,2.8
20180225,서울특별시,11079,1.9,,1.7,40.6,16.17,2.7
20180226,서울특별시,8167,3.1,,1.4,43.1,16.36,2.5
20180227,서울특별시,9080,4.2,,0.9,48.8,2.86,0.4
20180228,서울특별시,8616,4.6,25,2,73.3,1.71,2
20180301,서울특별시,9405,-0.2,0.5,3.8,61.9,17.94,2.5
20180302,서울특별시,8263,-0.7,,1.5,34,19.03,1.1
20180303,서울특별시,11530,7.9,0,1.5,38.1,18.04,5.3
20180304,서울특별시,10657,9.8,11.5,1.2,89.1,3.92,7.6
20180305,서울특별시,7755,5.5,3.5,2,67.5,13.8,6.7
20180306,서울특별시,8048,4.5,,1.6,46.8,17.85,4.1
20180307,서울특별시,7343,6.4,0.5,1.8,54,10.76,4.4
20180308,서울특별시,7622,4.6,4,1.9,76,10.3,6.5
20180309,서울특별시,10556,4.5,,1.5,63.3,10.22,4.3
20180310,서울특별시,12352,4.6,,2,65.8,16.45,5
20180311,서울특별시,13806,6.4,,2,51.3,18.11,7.2
20180312,서울특별시,9415,8,,1.4,45.8,13.92,6.6
20180313,서울특별시,11578,12.4,,1.8,60.5,14.17,10.6
20180314,서울특별시,11848,17,,2.3,58.8,15.46,14.8
20180315,서울특별시,8226,12.4,27,2.1,92.1,1.47,12.2
20180316,서울특별시,9359,7.1,,1.9,46.9,21.16,9.6
20180317,서울특별시,13806,6.6,,1.5,48,17.87,7.9
20180318,서울특별시,11976,8.2,0.5,1.2,55.9,7.19,8.8
20180319,서울특별시,7304,8,1,2.5,64.5,3.33,7.5
20180320,서울특별시,7517,4.7,,3.4,39.9,14.36,5.2
20180321,서울특별시,7153,2.1,1,1.7,64.1,6.13,3.2
20180322,서울특별시,10138,4.9,,2.2,61.5,20.45,7.3
20180323,서울특별시,10891,6.1,,2,55.3,19.08,7.6
20180324,서울특별시,14002,7.6,,2.1,61.9,15.35,9.5
20180325,서울특별시,14607,9.6,,1.7,65.6,19.12,11.2
20180326,서울특별시,11224,11,,1.9,64.5,19.06,12.2
20180327,서울특별시,10957,13.3,,1.6,61.1,15.98,12.6
20180328,서울특별시,11935,14,,2.2,66.4,13.94,13.1
20180329,서울특별시,15417,15.4,,1.6,66.3,14.86,15.1
20180330,서울특별시,17684,14.8,,1.7,55.6,20.01,14.9
20180331,서울특별시,19850,14,,1.9,52.9,17.08,14.5
20180401,서울특별시,19482,15.6,,1.5,68.8,7.25,14.3
20180402,서울특별시,17438,18.4,,1.9,64,14.14,17.8
20180403,서울특별시,15608,17.8,0.1,2.1,72.9,6.88,17.2
20180404,서울특별시,13539,13.4,18.5,1.9,67,19.56,15.9
20180405,서울특별시,9458,7.6,10.5,2,90.6,2.15,8.9
20180406,서울특별시,12479,5.8,6.5,3.1,71.6,11.19,8.7
20180407,서울특별시,14048,4.2,0.2,4.1,45.5,18.24,6.2
20180408,서울특별시,13837,3.9,3,1.8,59.6,7.93,5.2
20180409,서울특별시,10705,7.9,,1.1,57.9,21.52,10
20180410,서울특별시,12758,15.1,5,3.5,51,17.52,13
20180411,서울특별시,14518,12.6,,3,49.4,24.86,15.1
20180412,서울특별시,16869,13.3,,2.6,30.5,24.56,13.6
20180413,서울특별시,16375,14.6,,1.3,22.9,12.68,12.1
20180414,서울특별시,16557,9,9,1.8,78.8,3.49,9.4
20180415,서울특별시,17107,9.5,,2.4,65.5,17.29,11.4
20180416,서울특별시,15685,11.6,,1.6,41.9,24.79,13.3
20180417,서울특별시,17054,12.9,,1.9,37.9,24.03,14.2
20180418,서울특별시,16280,12.4,,1.9,35.4,25.09,16.2
20180419,서울특별시,16993,14,,1.9,38.8,22.36,17.5
20180420,서울특별시,27037,18.4,,1.3,46,22.68,20.6
20180421,서울특별시,29809,18.7,,1.9,32,26.14,21.4
20180422,서울특별시,20361,15.5,15.5,1.1,57.4,5.09,14.4
20180423,서울특별시,9773,9.3,59,2.2,93.9,2.59,9.9
20180424,서울특별시,13216,12.1,3,1.4,63.3,10.14,12.6
20180425,서울특별시,21294,14.6,,1.5,37.8,24.97,16.1
20180426,서울특별시,19339,14.9,,2.1,51.9,21.87,17.9
20180427,서울특별시,23481,15.7,,1.7,52.9,22.9,19.3
20180428,서울특별시,26814,15.4,,2,49,26.04,20
20180429,서울특별시,25679,16.2,,1.9,43.1,24.5,20.5
20180430,서울특별시,25158,19.2,,1.6,61.6,20.74,23
20180501,서울특별시,26571,20.4,0,1.5,72.8,12.42,23.5
20180502,서울특별시,14882,15.1,12,1.9,90.4,2.47,16
20180503,서울특별시,17039,11.2,1,2.7,62.4,12.18,11.4
20180504,서울특별시,21969,14.1,,2.7,45.5,27.26,17.9
20180505,서울특별시,28662,18.3,,2.6,46.8,22.26,20.4
20180506,서울특별시,22433,16.6,22,1.1,86.4,9.31,17.2
20180507,서울특별시,28032,19.2,,1.2,60.3,17.7,18.4
20180508,서울특별시,18162,17.5,,1.7,50.9,23.25,21.3
20180509,서울특별시,22014,15.7,,1.7,50.4,26.77,21.7
20180510,서울특별시,23025,15.4,,2.3,67.4,26.53,22.5
20180511,서울특별시,23861,16.1,,1.8,59.8,18.7,21
20180512,서울특별시,21558,14.2,32,0.9,89.3,1.32,14.6
20180513,서울특별시,28353,15.8,0.5,1.9,82.5,16.37,18.4
20180514,서울특별시,24338,18.2,,1.4,71.4,19.19,21.2
20180515,서울특별시,35187,23.2,0,1.1,56.4,21.18,25.3
20180516,서울특별시,19923,22.3,45,1.9,93.8,1.6,21.6
20180517,서울특별시,17860,20.9,83,1.4,97,3.96,21.2
20180518,서울특별시,19049,16.3,6.5,1.3,86.8,5.64,18.2
20180519,서울특별시,31516,17.6,,1.5,47.5,29.13,21.2
20180520,서울특별시,25173,17,,1.4,32.1,14.42,16.9
20180521,서울특별시,24288,17.8,,1.4,43.9,24.59,21.8
20180522,서울특별시,21285,18.1,12.5,1.1,75.5,10.87,19
20180523,서울특별시,19559,17.3,6.5,2.5,57.1,29.2,21.9
20180524,서울특별시,25983,18.3,,2.2,47.4,27.02,22.1
20180525,서울특별시,28113,19.7,,1.8,47.4,25.48,23.1
20180526,서울특별시,36657,21.8,,1.4,50.1,26.86,26.3
20180527,서울특별시,31232,20.3,,1.7,47.4,17.12,23.6
20180528,서울특별시,29735,22.3,,1.6,49.8,26.49,27.9
20180529,서울특별시,23966,21.4,1,1.8,69.3,13.34,25.2
20180530,서울특별시,25684,20.2,0,1.9,69.8,21.67,24.8
20180531,서울특별시,29168,20.9,,1.9,58.9,26.94,28.3
20180601,서울특별시,32619,23.8,,1.9,50.4,27.94,30.6
20180602,서울특별시,35185,23.4,,2,44.5,28.49,30.8
20180603,서울특별시,34571,24,,1.6,39.4,27.18,31
20180604,서울특별시,21662,22.6,,1.9,50.1,21.13,27.4
20180605,서울특별시,30601,23.7,,1.7,52.5,24.35,30.7
20180606,서울특별시,32161,23,,2,62.9,26.6,30.9
20180607,서울특별시,24492,22.2,,2,69.3,24.04,30
20180608,서울특별시,25948,21.9,,2.1,68,18.52,31.1
20180609,서울특별시,30175,23.7,0.5,1.4,60.6,20.24,29.7
20180610,서울특별시,30054,21.3,0.5,1.4,59.9,12.82,23.7
20180611,서울특별시,16262,20.2,5,1.4,67.3,11.27,24.5
20180612,서울특별시,27188,21.3,0,1.7,65.5,23.45,26.2
20180613,서울특별시,29987,22,0,1.5,64,15.75,25.3
20180614,서울특별시,20442,21.6,29,1.1,74.9,10.34,22.7
20180615,서울특별시,26299,21.7,16.5,1.4,60.8,23.64,24
20180616,서울특별시,34299,22.5,,1.4,56.4,28.06,26.8
20180617,서울특별시,29979,22.8,,1.3,66.9,14.78,25.3
20180618,서울특별시,28508,24.8,,1.5,54.9,26.17,30.4
20180619,서울특별시,22787,22.4,,1.8,61.3,17.65,26.4
20180620,서울특별시,29353,22.7,,2.3,68.1,24.52,28.9
20180621,서울특별시,29417,23.7,,2.2,60.1,28.21,32.2
20180622,서울특별시,34453,25,,1.8,45.1,27.4,30.6
20180623,서울특별시,36986,24.5,,2,50.6,22.19,30.7
20180624,서울특별시,39726,25.2,,1.9,62.8,25.7,32.8
20180625,서울특별시,31753,27.1,,1.2,57.1,20.44,31.7
20180626,서울특별시,17073,22.3,71.5,2.4,88.3,1.29,22.5
20180627,서울특별시,25128,22.3,1,2,81.9,13.56,23.7
20180628,서울특별시,21211,23.3,26.5,1.1,85.1,9.31,24.5
20180629,서울특별시,30062,24.7,6.5,1.5,78.5,18.79,26.6
20180630,서울특별시,30983,24.4,14.5,0.9,83.8,8.76,24.7
20180701,서울특별시,23041,21.9,83.5,0.8,94.6,2.09,22.2
20180702,서울특별시,17225,22.6,59.5,0.7,95.4,4.73,23.5
20180703,서울특별시,35307,27.4,0.1,0.8,74.4,22.88,29.1
20180704,서울특별시,33579,27.3,,1.7,69.6,22.43,30
20180705,서울특별시,27251,25.3,0.5,1.2,72.8,10.88,27
20180706,서울특별시,29154,23.9,,1.8,57.8,15.83,27
20180707,서울특별시,34171,23.7,,1.6,51.4,27.32,30.9
20180708,서울특별시,33402,23.3,,1.5,51.5,23.98,29.8
20180709,서울특별시,15026,20.8,14,1.1,82.3,4,22.4
20180710,서울특별시,21039,23.7,16.5,0.7,87.8,5.92,23.9
20180711,서울특별시,27544,26.8,3,1.3,82.9,8.74,26.9
20180712,서울특별시,31326,26.6,1,1.5,82.4,9.92,27
20180713,서울특별시,37966,27.3,,1.8,74.8,15.6,28.9
20180714,서울특별시,44257,27.9,0,1.9,69.6,21.51,30.6
20180715,서울특별시,44508,28.3,,1.6,69.6,22.91,32.6
20180716,서울특별시,38444,28.7,,1.7,64.3,26.67,33.4
20180717,서울특별시,37902,28.1,,1.7,66.5,25.57,34.3
20180718,서울특별시,36871,28.2,,1.6,64.8,25.14,34.2
20180719,서울특별시,40706,28.7,,1.6,64.1,27.8,35.6
20180720,서울특별시,46149,29.5,,1.5,62.6,25.73,35.7
20180721,서울특별시,49885,30.6,,1.5,53.6,26.62,36.1
20180722,서울특별시,53006,31.8,,1.4,49.6,25.51,37.3
20180723,서울특별시,41610,31.7,,1.8,53.8,18.94,37.1
20180724,서울특별시,46018,31.4,,1.6,59.5,18.42,35.8
20180725,서울특별시,42656,30.1,,2.4,66.3,14.36,36.1
20180726,서울특별시,41586,30.1,,1.5,68.8,12.21,32.7
20180727,서울특별시,48389,30.9,,1.9,69.3,19.29,36.2
20180728,서울특별시,44418,29.5,7.5,1.2,77.1,9.59,30.1
20180729,서울특별시,44727,31.3,,1.2,52.4,22.33,32.2
20180730,서울특별시,37355,31.7,,1.2,50.9,19.68,34
20180731,서울특별시,43664,32.6,,1.5,50.5,24.5,38.8
20180801,서울특별시,49919,33.6,,1.7,55.5,25.69,40.1
20180802,서울특별시,47485,33.7,,1.6,54.4,18.58,36.8
20180803,서울특별시,46283,33.1,,1.9,55.3,21.09,39.3
20180804,서울특별시,42078,31.1,,2.4,60.6,20.45,37.8
20180805,서울특별시,41643,30,2,2.6,71.8,20.62,34.9
20180806,서울특별시,37362,30.5,6.5,1.6,71.6,17.86,31.4
20180807,서울특별시,35250,30.5,,1.5,63.4,15.62,29.7
20180808,서울특별시,38331,31,,2.1,64.8,20.59,35.5
20180809,서울특별시,31762,28.8,2,1.5,76.3,11.11,32.5
20180810,서울특별시,38985,30.7,,1.4,60.9,21.85,32.7
20180811,서울특별시,42263,31,,1.5,55.8,21.37,36.3
20180812,서울특별시,41357,30.6,5,1.5,61.3,18.23,34.7
20180813,서울특별시,32522,30.5,1,1.4,68.6,12.29,29.9
20180814,서울특별시,41207,31.7,,1.3,58.3,18.37,34.7
20180815,서울특별시,38547,31.7,1,1.2,59.5,18.41,34
20180816,서울특별시,35073,29.9,,1.7,51,24.88,35.5
20180817,서울특별시,32640,27.2,,1.8,39.8,26.23,34.6
20180818,서울특별시,35187,26.7,,1.4,44.6,23.27,34.1
20180819,서울특별시,34126,28.2,,1.2,50.6,19.79,34.4
20180820,서울특별시,28142,29.1,0,2,55.6,15.07,32.7
20180821,서울특별시,27501,26.6,5,2.5,71.4,12.86,27
20180822,서울특별시,33137,30.7,,1.1,54.1,22.27,34.6
20180823,서울특별시,26786,29.4,3,1.7,59.1,9.3,31.5
20180824,서울특별시,24780,24.4,7.5,2.5,86.3,5.69,24.7
20180825,서울특별시,33208,25.2,,2.6,68,16.21,25.6
20180826,서울특별시,27160,23.2,2,1.2,70,13.54,24.3
20180827,서울특별시,19403,22.7,19.5,0.8,91,7.84,24.4
20180828,서울특별시,14967,23.7,96.5,0.9,92.4,4.42,24.4
20180829,서울특별시,18633,25.2,42,2.4,86,2.75,24.8
20180830,서울특별시,24241,25.3,9.5,1.8,80.9,8.74,25.8
20180831,서울특별시,30241,25.6,0.1,1.6,67.4,22.17,27.2
20180901,서울특별시,32206,25.5,,1.3,59.4,21.01,26.5
20180902,서울특별시,27927,25.1,,1.5,55.8,20.34,28.4
20180903,서울특별시,13653,23.3,34.5,1,85.3,3.36,24.3
20180904,서울특별시,21335,23.2,,2.2,69.4,21.64,24
20180905,서울특별시,19593,24,,2.5,63.5,22.46,24.8
20180906,서울특별시,17868,24.1,1,2,69.9,11.03,24.7
20180907,서울특별시,20072,22,0.5,2.5,54.6,19.58,23.3
20180908,서울특별시,25088,21.7,,1.7,48.8,22.75,24.5
20180909,서울특별시,26057,22.2,,1.2,49,21.4,26.4
20180910,서울특별시,17449,22.9,,1.6,49.5,19.84,26.2
20180911,서울특별시,17078,21.6,,1.5,48.1,17.85,24.5
20180912,서울특별시,19452,22.8,,1.4,52,20.39,26.8
20180913,서울특별시,19108,23.5,,1.2,63.5,12.93,27.2
20180914,서울특별시,18045,23.5,0.5,1.3,66.9,9.8,25.4
20180915,서울특별시,22324,23.3,0.2,1,76,7.44,24
20180916,서울특별시,17737,22.2,2,1.7,83.6,6.44,23.2
20180917,서울특별시,15732,22.3,0.1,1.9,64.3,20.42,25.8
20180918,서울특별시,16105,22,,1.2,59.8,15.85,25.5
20180919,서울특별시,14804,22.1,0.2,1,59.1,10.66,24.4
20180920,서울특별시,11112,19,5,1.8,82.4,4.08,19.8
20180921,서울특별시,15612,19.4,18,1.3,85.8,6.31,20.8
20180922,서울특별시,19151,20.8,6.5,1.8,62.3,19.06,21.1
20180923,서울특별시,19973,19.4,0,1.6,52.9,14.77,19.9
20180924,서울특별시,22337,17.6,,2.1,48.3,20.96,19.3
20180925,서울특별시,17546,17.8,,1.1,48,20.19,19.8
20180926,서울특별시,14566,19.4,,1.7,47.9,17.06,21.8
20180927,서울특별시,11916,18.9,,1.3,47.6,18.26,20
20180928,서울특별시,12235,17.5,,1.2,58.1,8.76,18.6
20180929,서울특별시,20163,20.2,,1,55.5,19.37,21.9
20180930,서울특별시,14992,17.6,,2.3,52.5,16.95,21.2
20181001,서울특별시,7840,15.4,0,2.9,55.1,15.1,19
20181002,서울특별시,11584,15.9,,1.6,61.4,18.84,19.4
20181003,서울특별시,15265,17.3,,1.3,58,18.49,19.8
20181004,서울특별시,11129,19.3,,1.3,56.5,15.88,20.7
20181005,서울특별시,8564,16.9,36.5,1.7,84.1,2.74,17
20181006,서울특별시,13161,18,55.5,2.2,84,6.86,18.8
20181007,서울특별시,13416,16.4,,1.7,53.5,15.65,16.2
20181008,서울특별시,10325,14.8,,1.1,47,15.28,14.1
20181009,서울특별시,11253,15.3,0,1.1,52.5,8.89,14.3
20181010,서울특별시,6508,12,7,2.5,61,10.3,13.1
20181011,서울특별시,6135,9.7,,2.1,51,15.42,8.9
20181012,서울특별시,7825,10.9,,1.3,54,17.67,12.7
20181013,서울특별시,10611,12.5,,1,54,16.78,13.8
20181014,서울특별시,11432,13.2,,1.5,60,16.08,14.9
20181015,서울특별시,7616,15.2,,1.4,69.9,11.26,15.7
20181016,서울특별시,7663,14.5,,1.3,55.9,13.15,15.4
20181017,서울특별시,7074,12.4,,1.3,53.3,16.44,14.9
20181018,서울특별시,7057,12.7,,1.1,59.5,13.37,14.8
20181019,서울특별시,8250,13.1,,1.4,54.3,16.23,14.9
20181020,서울특별시,10943,13.4,,1.2,53.9,15.97,15.1
20181021,서울특별시,10308,13.4,,1.1,49.5,15.77,14.8
20181022,서울특별시,6809,14,,1,50,12.13,15.1
20181023,서울특별시,6387,12.2,5,1.1,75.1,7.68,13.1
20181024,서울특별시,7645,12.5,,1.3,66,13.64,12.4
20181025,서울특별시,8161,13.8,,0.9,55.5,13.56,12.7
20181026,서울특별시,6859,12.2,11,1.6,74.1,3,12.8
20181027,서울특별시,9232,8.7,,3.2,49.6,11.6,8.7
20181028,서울특별시,9096,8.3,5.5,1.5,77.1,6.66,8.8
20181029,서울특별시,4446,7.2,0,2,57.3,9.84,7.5
20181030,서울특별시,5106,6.1,0,1.6,51.3,14.55,6.9
20181031,서울특별시,5488,7.4,0,1.6,55.4,14.51,8
20181101,서울특별시,7894,8.4,,1.3,53.4,13.95,8.1
20181102,서울특별시,8590,10.6,,1.1,54.9,13.52,9.8
20181103,서울특별시,11625,11.2,,1.3,56,13.59,10.3
20181104,서울특별시,9466,11.6,,1.3,55,13.41,11
20181105,서울특별시,7344,11.9,,1.1,65.5,11.09,11.4
20181106,서울특별시,6606,12.2,,0.9,70.5,7.85,12
20181107,서울특별시,6608,12.8,2,1.1,79.5,4.05,13.2
20181108,서울특별시,5289,11.8,64,1.8,93.8,1.31,13.1
20181109,서울특별시,7948,12.1,1,3.1,69,9.75,12.5
20181110,서울특별시,10754,11.9,0,1.4,69.1,11.14,11.5
20181111,서울특별시,8514,8.1,0,1.1,67.6,3.72,8.1
20181112,서울특별시,5589,8.1,,1.2,52.3,12.12,7.1
20181113,서울특별시,5796,8.8,,1.1,51.6,11.7,7.8
20181114,서울특별시,6241,9.8,,1.1,55.5,11.61,8.4
20181115,서울특별시,6538,9.7,,1,55.4,9.55,8.6
20181116,서울특별시,7210,8.8,,1.7,65.1,8.28,8.9
20181117,서울특별시,9567,4.9,,1.4,50.8,9.17,3.9
20181118,서울특별시,7819,6.1,,1.1,48.8,7.49,5.6
20181119,서울특별시,5484,6.5,,1.4,50.4,7.83,5.6
20181120,서울특별시,5631,6.5,0.2,1.8,39.9,11.03,5.3
20181121,서울특별시,5652,5.8,1,1.2,57.1,2.95,6.3
20181122,서울특별시,5257,2.3,,2.4,35,10.82,2.2
20181123,서울특별시,6537,1.9,,1.4,29.6,10.76,1.5
20181124,서울특별시,7991,2.6,10.9,1.8,71.1,3.38,0.6
20181125,서울특별시,9487,4.8,,1,77.8,7.9,3.3
20181126,서울특별시,6145,6.3,,1,70.1,10.05,4.7
20181127,서울특별시,5684,7.1,,1.5,65,4.62,5.2
20181128,서울특별시,5726,5,,1.6,27.1,9.68,3.2
20181129,서울특별시,5803,3.5,0,1.3,41.4,2.81,1.3
20181130,서울특별시,7114,2.7,,1.4,46.1,10.22,2.1
20181201,서울특별시,9319,5.5,,1,42.3,9.88,3.2
20181202,서울특별시,9588,8.2,,1.3,50.1,5.59,5.1
20181203,서울특별시,7149,11.5,9.5,1.4,87.4,0.65,9.4
20181204,서울특별시,5163,6.7,5,2.7,74.9,3.33,7.5
20181205,서울특별시,5112,0,,1.5,39.5,6.33,0.8
20181206,서울특별시,4570,2.4,0,2.3,50.5,7.77,2.6
20181207,서울특별시,4342,-7.3,,3.8,37.1,10.91,-3.3
20181208,서울특별시,6744,-8.3,,2.6,37.1,10.75,-5.2
20181209,서울특별시,7002,-7.2,,1.5,27,10.57,-4.9
20181210,서울특별시,4453,-2.5,,0.9,33.3,9.46,-2.3
20181211,서울특별시,5202,0.2,,1.2,44.8,3.59,-0.6
20181212,서울특별시,5331,-1.9,,2.2,39,10.42,-1
20181213,서울특별시,4706,-2.2,1.3,2,57.4,5.83,-0.6
20181214,서울특별시,6376,-4.4,,1.7,44.3,10.4,-2.3
20181215,서울특별시,6887,-2.4,,1,46.8,8.83,-1.9
20181216,서울특별시,8272,0,0.3,0.9,63.8,3.19,-0.3
20181217,서울특별시,5504,1.6,0.3,1.8,60.1,8.92,0.7
20181218,서울특별시,5252,2.6,,1.4,56.3,7.67,-0.4
20181219,서울특별시,5653,4,,1.4,53.4,9.29,2.6
20181220,서울특별시,6456,3.4,,0.9,45.5,8.78,2.1
20181221,서울특별시,7857,5.6,,1.1,40.1,5.82,2.1
20181222,서울특별시,10744,6.9,,1.5,48.9,8.93,5
20181223,서울특별시,9359,2.4,,2.9,43,9.58,3.3
20181224,서울특별시,5906,-2.3,,1.6,35.9,10.5,-0.2
20181225,서울특별시,7685,0.6,,1.2,53.4,5.67,-0.3
20181226,서울특별시,4343,-1.5,,2.8,40.8,9.97,1.4
20181227,서울특별시,4373,-10.1,,3.5,28.3,10.44,-4
20181228,서울특별시,5291,-10.5,,2.5,33,10.36,-5.4
20181229,서울특별시,7264,-7.6,,2.9,29,10.57,-4.3
20181230,서울특별시,6758,-6.8,,1.2,35.9,10.48,-4.3
20181231,서울특별시,6149,-5.4,,1.2,39.6,9.16,-4.5
